--
-- PostgreSQL database dump
--
-- Dumped from database version 18.2
-- Dumped by pg_dump version 18.2

-- Started on 2026-03-05 08:53:29

SET statement_timeout = 0;
SET lock_timeout = 0;
SET idle_in_transaction_session_timeout = 0;
SET transaction_timeout = 0;
SET client_encoding = 'UTF8';
SET standard_conforming_strings = on;
SELECT pg_catalog.set_config('search_path', '', false);
SET check_function_bodies = false;
SET xmloption = content;
SET client_min_messages = warning;
SET row_security = off;

--
-- TOC entry 2 (class 3079 OID 16389)
-- Name: pgcrypto; Type: EXTENSION; Schema: -; Owner: -
--

CREATE EXTENSION IF NOT EXISTS pgcrypto WITH SCHEMA public;


--
-- TOC entry 5306 (class 0 OID 0)
-- Dependencies: 2
-- Name: EXTENSION pgcrypto; Type: COMMENT; Schema: -; Owner: 
--

COMMENT ON EXTENSION pgcrypto IS 'cryptographic functions';


SET default_tablespace = '';

SET default_table_access_method = heap;

--
-- TOC entry 220 (class 1259 OID 16427)
-- Name: app_settings; Type: TABLE; Schema: public; Owner: postgres
--

CREATE TABLE public.app_settings (
    key text NOT NULL,
    value text NOT NULL,
    updated_at timestamp with time zone DEFAULT now()
);


ALTER TABLE public.app_settings OWNER TO postgres;

--
-- TOC entry 221 (class 1259 OID 16435)
-- Name: customer_user; Type: TABLE; Schema: public; Owner: postgres
--

CREATE TABLE public.customer_user (
    customer_id integer NOT NULL,
    first_name character varying,
    last_name character varying,
    middle_name character varying,
    company_name character varying,
    email character varying,
    phone character varying,
    landline character varying,
    username character varying,
    password character varying,
    verification_status character varying,
    approved boolean,
    verified_at timestamp without time zone,
    verified_by integer,
    created_at timestamp without time zone,
    updated_at timestamp without time zone,
    initial_model_number text,
    initial_serial_number text,
    initial_purchase_date date,
    initial_product_name text,
    initial_product_id integer
);


ALTER TABLE public.customer_user OWNER TO postgres;

--
-- TOC entry 222 (class 1259 OID 16441)
-- Name: customer_user_customer_id_seq; Type: SEQUENCE; Schema: public; Owner: postgres
--

ALTER TABLE public.customer_user ALTER COLUMN customer_id ADD GENERATED BY DEFAULT AS IDENTITY (
    SEQUENCE NAME public.customer_user_customer_id_seq
    START WITH 1
    INCREMENT BY 1
    NO MINVALUE
    NO MAXVALUE
    CACHE 1
);


--
-- TOC entry 223 (class 1259 OID 16442)
-- Name: department; Type: TABLE; Schema: public; Owner: postgres
--

CREATE TABLE public.department (
    dept_id integer NOT NULL,
    dept_name character varying
);


ALTER TABLE public.department OWNER TO postgres;

--
-- TOC entry 224 (class 1259 OID 16448)
-- Name: department_dept_id_seq; Type: SEQUENCE; Schema: public; Owner: postgres
--

ALTER TABLE public.department ALTER COLUMN dept_id ADD GENERATED BY DEFAULT AS IDENTITY (
    SEQUENCE NAME public.department_dept_id_seq
    START WITH 1
    INCREMENT BY 1
    NO MINVALUE
    NO MAXVALUE
    CACHE 1
);


--
-- TOC entry 225 (class 1259 OID 16449)
-- Name: department_permission; Type: TABLE; Schema: public; Owner: postgres
--

CREATE TABLE public.department_permission (
    department_id integer NOT NULL,
    permission_key text NOT NULL,
    allowed boolean DEFAULT false NOT NULL,
    created_at timestamp without time zone DEFAULT now(),
    updated_at timestamp without time zone DEFAULT now()
);


ALTER TABLE public.department_permission OWNER TO postgres;

--
-- TOC entry 226 (class 1259 OID 16460)
-- Name: employee; Type: TABLE; Schema: public; Owner: postgres
--

CREATE TABLE public.employee (
    employee_id integer NOT NULL,
    firstname character varying,
    lastname character varying,
    middlename character varying,
    role_id integer,
    department_id integer,
    username character varying,
    password character varying,
    email character varying,
    created_at timestamp without time zone,
    updated_at timestamp without time zone
);


ALTER TABLE public.employee OWNER TO postgres;

--
-- TOC entry 227 (class 1259 OID 16466)
-- Name: employee_employee_id_seq; Type: SEQUENCE; Schema: public; Owner: postgres
--

ALTER TABLE public.employee ALTER COLUMN employee_id ADD GENERATED BY DEFAULT AS IDENTITY (
    SEQUENCE NAME public.employee_employee_id_seq
    START WITH 1
    INCREMENT BY 1
    NO MINVALUE
    NO MAXVALUE
    CACHE 1
);


--
-- TOC entry 228 (class 1259 OID 16467)
-- Name: employee_permission; Type: TABLE; Schema: public; Owner: postgres
--

CREATE TABLE public.employee_permission (
    employee_id integer NOT NULL,
    permission_key text NOT NULL,
    allowed boolean NOT NULL,
    created_at timestamp without time zone DEFAULT now(),
    updated_at timestamp without time zone DEFAULT now()
);


ALTER TABLE public.employee_permission OWNER TO postgres;

--
-- TOC entry 229 (class 1259 OID 16477)
-- Name: machine_brochures; Type: TABLE; Schema: public; Owner: postgres
--

CREATE TABLE public.machine_brochures (
    brochure_id integer NOT NULL,
    machine_id integer,
    title character varying,
    file_url character varying,
    uploaded_at timestamp without time zone,
    product_id integer
);


ALTER TABLE public.machine_brochures OWNER TO postgres;

--
-- TOC entry 230 (class 1259 OID 16483)
-- Name: machine_brochures_brochure_id_seq; Type: SEQUENCE; Schema: public; Owner: postgres
--

ALTER TABLE public.machine_brochures ALTER COLUMN brochure_id ADD GENERATED BY DEFAULT AS IDENTITY (
    SEQUENCE NAME public.machine_brochures_brochure_id_seq
    START WITH 1
    INCREMENT BY 1
    NO MINVALUE
    NO MAXVALUE
    CACHE 1
);


--
-- TOC entry 231 (class 1259 OID 16484)
-- Name: machine_gallery; Type: TABLE; Schema: public; Owner: postgres
--

CREATE TABLE public.machine_gallery (
    gallery_id integer NOT NULL,
    machine_id integer,
    image_url character varying,
    caption character varying,
    uploaded_at timestamp without time zone,
    product_id integer
);


ALTER TABLE public.machine_gallery OWNER TO postgres;

--
-- TOC entry 5307 (class 0 OID 0)
-- Dependencies: 231
-- Name: COLUMN machine_gallery.image_url; Type: COMMENT; Schema: public; Owner: postgres
--

COMMENT ON COLUMN public.machine_gallery.image_url IS 'Full image URL (https) or storage path; used for display/embed';


--
-- TOC entry 232 (class 1259 OID 16490)
-- Name: machine_gallery_gallery_id_seq; Type: SEQUENCE; Schema: public; Owner: postgres
--

ALTER TABLE public.machine_gallery ALTER COLUMN gallery_id ADD GENERATED BY DEFAULT AS IDENTITY (
    SEQUENCE NAME public.machine_gallery_gallery_id_seq
    START WITH 1
    INCREMENT BY 1
    NO MINVALUE
    NO MAXVALUE
    CACHE 1
);


--
-- TOC entry 233 (class 1259 OID 16491)
-- Name: machine_manuals; Type: TABLE; Schema: public; Owner: postgres
--

CREATE TABLE public.machine_manuals (
    manual_id integer NOT NULL,
    machine_id integer,
    title character varying,
    file_url character varying,
    uploaded_at timestamp without time zone,
    product_id integer
);


ALTER TABLE public.machine_manuals OWNER TO postgres;

--
-- TOC entry 234 (class 1259 OID 16497)
-- Name: machine_manuals_manual_id_seq; Type: SEQUENCE; Schema: public; Owner: postgres
--

ALTER TABLE public.machine_manuals ALTER COLUMN manual_id ADD GENERATED BY DEFAULT AS IDENTITY (
    SEQUENCE NAME public.machine_manuals_manual_id_seq
    START WITH 1
    INCREMENT BY 1
    NO MINVALUE
    NO MAXVALUE
    CACHE 1
);


--
-- TOC entry 235 (class 1259 OID 16498)
-- Name: machine_specifications; Type: TABLE; Schema: public; Owner: postgres
--

CREATE TABLE public.machine_specifications (
    spec_id integer NOT NULL,
    machine_id integer,
    spec_name character varying,
    spec_value character varying,
    product_id integer,
    file_url character varying,
    uploaded_at timestamp without time zone
);


ALTER TABLE public.machine_specifications OWNER TO postgres;

--
-- TOC entry 236 (class 1259 OID 16504)
-- Name: machine_specifications_spec_id_seq; Type: SEQUENCE; Schema: public; Owner: postgres
--

ALTER TABLE public.machine_specifications ALTER COLUMN spec_id ADD GENERATED BY DEFAULT AS IDENTITY (
    SEQUENCE NAME public.machine_specifications_spec_id_seq
    START WITH 1
    INCREMENT BY 1
    NO MINVALUE
    NO MAXVALUE
    CACHE 1
);


--
-- TOC entry 237 (class 1259 OID 16505)
-- Name: machine_videos; Type: TABLE; Schema: public; Owner: postgres
--

CREATE TABLE public.machine_videos (
    video_id integer NOT NULL,
    machine_id integer,
    video_type character varying,
    title character varying,
    video_url character varying,
    uploaded_at timestamp without time zone,
    product_id integer
);


ALTER TABLE public.machine_videos OWNER TO postgres;

--
-- TOC entry 5308 (class 0 OID 0)
-- Dependencies: 237
-- Name: COLUMN machine_videos.video_url; Type: COMMENT; Schema: public; Owner: postgres
--

COMMENT ON COLUMN public.machine_videos.video_url IS 'Full video URL (YouTube, direct MP4, etc.) or storage path; used for display/embed';


--
-- TOC entry 238 (class 1259 OID 16511)
-- Name: machine_videos_video_id_seq; Type: SEQUENCE; Schema: public; Owner: postgres
--

ALTER TABLE public.machine_videos ALTER COLUMN video_id ADD GENERATED BY DEFAULT AS IDENTITY (
    SEQUENCE NAME public.machine_videos_video_id_seq
    START WITH 1
    INCREMENT BY 1
    NO MINVALUE
    NO MAXVALUE
    CACHE 1
);


--
-- TOC entry 239 (class 1259 OID 16512)
-- Name: machines; Type: TABLE; Schema: public; Owner: postgres
--

CREATE TABLE public.machines (
    machine_id integer NOT NULL,
    customer_id integer,
    product_id integer,
    serial_number character varying,
    model_number character varying,
    purchase_date timestamp without time zone,
    registration_date timestamp without time zone,
    status character varying,
    created_at timestamp without time zone
);


ALTER TABLE public.machines OWNER TO postgres;

--
-- TOC entry 240 (class 1259 OID 16518)
-- Name: machines_machine_id_seq; Type: SEQUENCE; Schema: public; Owner: postgres
--

ALTER TABLE public.machines ALTER COLUMN machine_id ADD GENERATED BY DEFAULT AS IDENTITY (
    SEQUENCE NAME public.machines_machine_id_seq
    START WITH 1
    INCREMENT BY 1
    NO MINVALUE
    NO MAXVALUE
    CACHE 1
);


--
-- TOC entry 241 (class 1259 OID 16519)
-- Name: parts; Type: TABLE; Schema: public; Owner: postgres
--

CREATE TABLE public.parts (
    parts_id integer NOT NULL,
    parts_name character varying,
    product_id integer,
    description character varying,
    price numeric,
    stock_quantity integer,
    created_at timestamp without time zone,
    updated_at timestamp without time zone
);


ALTER TABLE public.parts OWNER TO postgres;

--
-- TOC entry 242 (class 1259 OID 16525)
-- Name: parts_parts_id_seq; Type: SEQUENCE; Schema: public; Owner: postgres
--

ALTER TABLE public.parts ALTER COLUMN parts_id ADD GENERATED BY DEFAULT AS IDENTITY (
    SEQUENCE NAME public.parts_parts_id_seq
    START WITH 1
    INCREMENT BY 1
    NO MINVALUE
    NO MAXVALUE
    CACHE 1
);


--
-- TOC entry 243 (class 1259 OID 16526)
-- Name: parts_request; Type: TABLE; Schema: public; Owner: postgres
--

CREATE TABLE public.parts_request (
    request_id integer NOT NULL,
    customer_id integer,
    machine_id integer,
    status character varying,
    payment_verified boolean,
    payment_proof_url character varying,
    verified_by integer,
    call_verified boolean,
    call_verified_at timestamp without time zone,
    total_amount numeric,
    notes character varying,
    created_at timestamp without time zone,
    updated_at timestamp without time zone
);


ALTER TABLE public.parts_request OWNER TO postgres;

--
-- TOC entry 244 (class 1259 OID 16532)
-- Name: parts_request_items; Type: TABLE; Schema: public; Owner: postgres
--

CREATE TABLE public.parts_request_items (
    item_id integer NOT NULL,
    request_id integer,
    parts_id integer,
    quantity integer,
    unit_price numeric,
    subtotal numeric
);


ALTER TABLE public.parts_request_items OWNER TO postgres;

--
-- TOC entry 245 (class 1259 OID 16538)
-- Name: parts_request_items_item_id_seq; Type: SEQUENCE; Schema: public; Owner: postgres
--

ALTER TABLE public.parts_request_items ALTER COLUMN item_id ADD GENERATED BY DEFAULT AS IDENTITY (
    SEQUENCE NAME public.parts_request_items_item_id_seq
    START WITH 1
    INCREMENT BY 1
    NO MINVALUE
    NO MAXVALUE
    CACHE 1
);


--
-- TOC entry 246 (class 1259 OID 16539)
-- Name: parts_request_request_id_seq; Type: SEQUENCE; Schema: public; Owner: postgres
--

ALTER TABLE public.parts_request ALTER COLUMN request_id ADD GENERATED BY DEFAULT AS IDENTITY (
    SEQUENCE NAME public.parts_request_request_id_seq
    START WITH 1
    INCREMENT BY 1
    NO MINVALUE
    NO MAXVALUE
    CACHE 1
);


--
-- TOC entry 247 (class 1259 OID 16540)
-- Name: product; Type: TABLE; Schema: public; Owner: postgres
--

CREATE TABLE public.product (
    product_id integer NOT NULL,
    product_name character varying,
    product_desc character varying,
    created_at timestamp without time zone,
    category character varying,
    status character varying,
    profile_image_url character varying,
    updated_at timestamp without time zone
);


ALTER TABLE public.product OWNER TO postgres;

--
-- TOC entry 248 (class 1259 OID 16546)
-- Name: product_product_id_seq; Type: SEQUENCE; Schema: public; Owner: postgres
--

ALTER TABLE public.product ALTER COLUMN product_id ADD GENERATED BY DEFAULT AS IDENTITY (
    SEQUENCE NAME public.product_product_id_seq
    START WITH 1
    INCREMENT BY 1
    NO MINVALUE
    NO MAXVALUE
    CACHE 1
);


--
-- TOC entry 249 (class 1259 OID 16547)
-- Name: quote_items; Type: TABLE; Schema: public; Owner: postgres
--

CREATE TABLE public.quote_items (
    item_id integer NOT NULL,
    quote_id integer,
    parts_id integer,
    quantity integer,
    unit_price numeric,
    subtotal numeric
);


ALTER TABLE public.quote_items OWNER TO postgres;

--
-- TOC entry 250 (class 1259 OID 16553)
-- Name: quote_items_item_id_seq; Type: SEQUENCE; Schema: public; Owner: postgres
--

ALTER TABLE public.quote_items ALTER COLUMN item_id ADD GENERATED BY DEFAULT AS IDENTITY (
    SEQUENCE NAME public.quote_items_item_id_seq
    START WITH 1
    INCREMENT BY 1
    NO MINVALUE
    NO MAXVALUE
    CACHE 1
);


--
-- TOC entry 251 (class 1259 OID 16554)
-- Name: quote_request; Type: TABLE; Schema: public; Owner: postgres
--

CREATE TABLE public.quote_request (
    quote_id integer NOT NULL,
    customer_id integer,
    status character varying,
    total_amount numeric,
    notes character varying,
    submitted_at timestamp without time zone,
    approved_at timestamp without time zone,
    approved_by integer
);


ALTER TABLE public.quote_request OWNER TO postgres;

--
-- TOC entry 252 (class 1259 OID 16560)
-- Name: quote_request_quote_id_seq; Type: SEQUENCE; Schema: public; Owner: postgres
--

ALTER TABLE public.quote_request ALTER COLUMN quote_id ADD GENERATED BY DEFAULT AS IDENTITY (
    SEQUENCE NAME public.quote_request_quote_id_seq
    START WITH 1
    INCREMENT BY 1
    NO MINVALUE
    NO MAXVALUE
    CACHE 1
);


--
-- TOC entry 253 (class 1259 OID 16561)
-- Name: roles; Type: TABLE; Schema: public; Owner: postgres
--

CREATE TABLE public.roles (
    role_id integer NOT NULL,
    role_name character varying
);


ALTER TABLE public.roles OWNER TO postgres;

--
-- TOC entry 254 (class 1259 OID 16567)
-- Name: roles_role_id_seq; Type: SEQUENCE; Schema: public; Owner: postgres
--

ALTER TABLE public.roles ALTER COLUMN role_id ADD GENERATED BY DEFAULT AS IDENTITY (
    SEQUENCE NAME public.roles_role_id_seq
    START WITH 1
    INCREMENT BY 1
    NO MINVALUE
    NO MAXVALUE
    CACHE 1
);


--
-- TOC entry 255 (class 1259 OID 16568)
-- Name: service_request; Type: TABLE; Schema: public; Owner: postgres
--

CREATE TABLE public.service_request (
    service_request_id integer NOT NULL,
    customer_id integer NOT NULL,
    machine_id integer,
    subject character varying(255) NOT NULL,
    description text,
    priority character varying(20) DEFAULT 'medium'::character varying,
    status character varying(50) DEFAULT 'pending'::character varying,
    assigned_to integer,
    created_at timestamp without time zone DEFAULT now(),
    updated_at timestamp without time zone DEFAULT now()
);


ALTER TABLE public.service_request OWNER TO postgres;

--
-- TOC entry 256 (class 1259 OID 16580)
-- Name: service_request_assignment; Type: TABLE; Schema: public; Owner: postgres
--

CREATE TABLE public.service_request_assignment (
    id integer NOT NULL,
    service_request_id integer NOT NULL,
    employee_id integer NOT NULL,
    assigned_at timestamp with time zone DEFAULT now(),
    assigned_by integer,
    active boolean DEFAULT true
);


ALTER TABLE public.service_request_assignment OWNER TO postgres;

--
-- TOC entry 257 (class 1259 OID 16588)
-- Name: service_request_assignment_id_seq; Type: SEQUENCE; Schema: public; Owner: postgres
--

CREATE SEQUENCE public.service_request_assignment_id_seq
    AS integer
    START WITH 1
    INCREMENT BY 1
    NO MINVALUE
    NO MAXVALUE
    CACHE 1;


ALTER SEQUENCE public.service_request_assignment_id_seq OWNER TO postgres;

--
-- TOC entry 5309 (class 0 OID 0)
-- Dependencies: 257
-- Name: service_request_assignment_id_seq; Type: SEQUENCE OWNED BY; Schema: public; Owner: postgres
--

ALTER SEQUENCE public.service_request_assignment_id_seq OWNED BY public.service_request_assignment.id;


--
-- TOC entry 258 (class 1259 OID 16589)
-- Name: service_request_service_request_id_seq; Type: SEQUENCE; Schema: public; Owner: postgres
--

CREATE SEQUENCE public.service_request_service_request_id_seq
    AS integer
    START WITH 1
    INCREMENT BY 1
    NO MINVALUE
    NO MAXVALUE
    CACHE 1;


ALTER SEQUENCE public.service_request_service_request_id_seq OWNER TO postgres;

--
-- TOC entry 5310 (class 0 OID 0)
-- Dependencies: 258
-- Name: service_request_service_request_id_seq; Type: SEQUENCE OWNED BY; Schema: public; Owner: postgres
--

ALTER SEQUENCE public.service_request_service_request_id_seq OWNED BY public.service_request.service_request_id;


--
-- TOC entry 259 (class 1259 OID 16590)
-- Name: shipment_tracking; Type: TABLE; Schema: public; Owner: postgres
--

CREATE TABLE public.shipment_tracking (
    tracking_id integer NOT NULL,
    request_id integer,
    courier_type character varying,
    tracking_number character varying,
    status character varying,
    picked_up_at timestamp without time zone,
    delivered_at timestamp without time zone,
    updated_at timestamp without time zone
);


ALTER TABLE public.shipment_tracking OWNER TO postgres;

--
-- TOC entry 260 (class 1259 OID 16596)
-- Name: shipment_tracking_tracking_id_seq; Type: SEQUENCE; Schema: public; Owner: postgres
--

ALTER TABLE public.shipment_tracking ALTER COLUMN tracking_id ADD GENERATED BY DEFAULT AS IDENTITY (
    SEQUENCE NAME public.shipment_tracking_tracking_id_seq
    START WITH 1
    INCREMENT BY 1
    NO MINVALUE
    NO MAXVALUE
    CACHE 1
);


--
-- TOC entry 5002 (class 2604 OID 16597)
-- Name: service_request service_request_id; Type: DEFAULT; Schema: public; Owner: postgres
--

ALTER TABLE ONLY public.service_request ALTER COLUMN service_request_id SET DEFAULT nextval('public.service_request_service_request_id_seq'::regclass);


--
-- TOC entry 5007 (class 2604 OID 16598)
-- Name: service_request_assignment id; Type: DEFAULT; Schema: public; Owner: postgres
--

ALTER TABLE ONLY public.service_request_assignment ALTER COLUMN id SET DEFAULT nextval('public.service_request_assignment_id_seq'::regclass);


--
-- TOC entry 5260 (class 0 OID 16427)
-- Dependencies: 220
-- Data for Name: app_settings; Type: TABLE DATA; Schema: public; Owner: postgres
--

INSERT INTO public.app_settings (key, value, updated_at) VALUES
('storage_mode','local','2026-02-27 16:15:29.835857+08:00');



--
-- TOC entry 5261 (class 0 OID 16435)
-- Dependencies: 221
-- Data for Name: customer_user; Type: TABLE DATA; Schema: public; Owner: postgres
--

INSERT INTO public.customer_user (customer_id, first_name, last_name, middle_name, company_name, email, phone, landline, username, password, verification_status, approved, verified_at, verified_by, created_at, updated_at, initial_model_number, initial_serial_number, initial_purchase_date, initial_product_name, initial_product_id) VALUES
(10,'Rogel','Gerodiaz','R','JCG Marketing Group Inc.','gerodiazrogel0@gmail.com','09467684911',NULL,'gerodiazrogel','$2b$10$iqtzfPEoLQGkEFDAxp.8q.xh0GfshjOVl4RkVWx87Ez/6mVsgre3G','approved',true,'2026-02-27 16:26:14.467706',2,'2026-02-27 16:25:52.890862','2026-02-27 16:26:14.467706','HA-PN900','48091813','2026-02-10','Panini Baking Machine',35);



--
-- TOC entry 5263 (class 0 OID 16442)
-- Dependencies: 223
-- Data for Name: department; Type: TABLE DATA; Schema: public; Owner: postgres
--

INSERT INTO public.department (dept_id, dept_name) VALUES
(1,'services'),
(2,'admin'),
(3,'sales');



--
-- TOC entry 5265 (class 0 OID 16449)
-- Dependencies: 225
-- Data for Name: department_permission; Type: TABLE DATA; Schema: public; Owner: postgres
--

INSERT INTO public.department_permission (department_id, permission_key, allowed, created_at, updated_at) VALUES
(2,'machines_manage',true,'2026-01-26 15:46:04.037739','2026-01-26 15:57:10.753949'),
(2,'machines_add',true,'2026-01-26 15:57:10.753949','2026-01-26 15:57:10.753949'),
(2,'manuals_manage',true,'2026-01-26 15:57:10.753949','2026-01-26 15:57:10.753949'),
(2,'brochures_manage',true,'2026-01-26 15:57:10.753949','2026-01-26 15:57:10.753949'),
(2,'products_manage',true,'2026-01-26 15:57:10.753949','2026-01-26 15:57:10.753949'),
(2,'tracking_manage',true,'2026-01-26 15:57:10.753949','2026-01-26 15:57:10.753949'),
(2,'account_requests_manage',true,'2026-01-26 15:57:10.753949','2026-01-26 15:57:10.753949'),
(2,'parts_requests_manage',true,'2026-01-26 15:57:10.753949','2026-01-26 15:57:10.753949'),
(2,'quotes_manage',true,'2026-01-26 15:57:10.753949','2026-01-26 15:57:10.753949'),
(1,'service_requests_manage',true,'2026-02-26 11:17:54.791846','2026-02-26 11:17:54.791846');



--
-- TOC entry 5266 (class 0 OID 16460)
-- Dependencies: 226
-- Data for Name: employee; Type: TABLE DATA; Schema: public; Owner: postgres
--

INSERT INTO public.employee (employee_id, firstname, lastname, middlename, role_id, department_id, username, password, email, created_at, updated_at) VALUES
(4,'Courtney','Johnston','Bradford Jaskolski',2,1,'Christy_Gusikowski76','$2b$12$K0SA29XTOR50lGORHgSnY.om3yGPkQorW1oMH1K9xVropnkm1C4Ei','your.email+fakedata65415@gmail.com','2026-01-20 11:23:20.727267','2026-01-20 11:23:20.727267'),
(3,'Services','Account',NULL,2,1,'services','$2b$10$iqtzfPEoLQGkEFDAxp.8q.xh0GfshjOVl4RkVWx87Ez/6mVsgre3G','services@example.com','2026-01-19 16:45:51.847122','2026-02-04 14:33:05.317825'),
(2,'Rogel','Gerodiaz','R.',1,2,'rogel','$2b$10$iqtzfPEoLQGkEFDAxp.8q.xh0GfshjOVl4RkVWx87Ez/6mVsgre3G','rogel.gerodiaz@example.com','2026-01-16 13:50:37.972333','2026-03-04 14:01:46.538706'),
(5,'Sales','Department','R',2,3,'sales','$2b$12$Pw2OZQk/r4oE.0p48frlgOR0zEBxBKuDNKpik5NjnB34laLEpatRO','sales@gmail.com','2026-01-26 16:25:52.653681','2026-03-04 08:33:45.119781');



--
-- TOC entry 5268 (class 0 OID 16467)
-- Dependencies: 228
-- Data for Name: employee_permission; Type: TABLE DATA; Schema: public; Owner: postgres
--

INSERT INTO public.employee_permission (employee_id, permission_key, allowed, created_at, updated_at) VALUES
(2,'machines_manage',true,'2026-01-26 15:51:24.053169','2026-01-26 15:51:25.27308'),
(3,'customers_manage',true,'2026-02-04 14:32:57.72069','2026-02-04 14:32:57.72069'),
(5,'customers_manage',true,'2026-02-04 14:29:33.476546','2026-02-04 14:42:25.535468'),
(2,'customers_manage',true,'2026-02-05 13:58:51.09722','2026-02-05 13:58:51.09722'),
(2,'permissions_manage',true,'2026-02-05 13:58:51.924356','2026-02-05 13:58:51.924356'),
(5,'products_manage',true,'2026-01-26 16:43:09.850092','2026-02-05 13:59:41.981368'),
(5,'account_requests_manage',true,'2026-01-26 16:53:19.635346','2026-02-10 11:30:51.896341'),
(3,'service_requests_manage',true,'2026-02-26 11:19:24.726082','2026-02-26 11:19:24.726082'),
(5,'machines_manage',true,'2026-02-05 13:59:12.842136','2026-03-03 16:44:54.257817'),
(5,'service_requests_manage',true,'2026-02-26 11:22:38.790677','2026-03-04 08:33:10.838303');



--
-- TOC entry 5269 (class 0 OID 16477)
-- Dependencies: 229
-- Data for Name: machine_brochures; Type: TABLE DATA; Schema: public; Owner: postgres
--

INSERT INTO public.machine_brochures (brochure_id, machine_id, title, file_url, uploaded_at, product_id) VALUES
(22,35,'Frigomat Brochure 04 - for sir rogel','1772180379824-Frigomat_Brochure_04_-_for_sir_rogel.pdf','2026-02-27 16:19:39.826962',35);



--
-- TOC entry 5271 (class 0 OID 16484)
-- Dependencies: 231
-- Data for Name: machine_gallery; Type: TABLE DATA; Schema: public; Owner: postgres
--

INSERT INTO public.machine_gallery (gallery_id, machine_id, image_url, caption, uploaded_at, product_id) VALUES
(30,35,'gallery/machine_35/IMG_5072.png',NULL,'2026-02-27 16:24:09.452357',35),
(31,35,'gallery/machine_35/IMG_5071.png',NULL,'2026-02-27 16:24:09.631574',35);



--
-- TOC entry 5273 (class 0 OID 16491)
-- Dependencies: 233
-- Data for Name: machine_manuals; Type: TABLE DATA; Schema: public; Owner: postgres
--

INSERT INTO public.machine_manuals (manual_id, machine_id, title, file_url, uploaded_at, product_id) VALUES
(21,35,'Frigomat Brochure 04 - final for print','1772180369678-Frigomat_Brochure_04_-_final_for_print.pdf','2026-02-27 16:19:29.68223',35);



--
-- TOC entry 5275 (class 0 OID 16498)
-- Dependencies: 235
-- Data for Name: machine_specifications; Type: TABLE DATA; Schema: public; Owner: postgres
--

INSERT INTO public.machine_specifications (spec_id, machine_id, spec_name, spec_value, product_id, file_url, uploaded_at) VALUES
(37,35,'Grills','250x250mm, stainless steel',35,NULL,NULL),
(38,35,'Voltage','22V / 1PH',35,NULL,NULL),
(39,35,'Power','1500w',35,NULL,NULL),
(40,35,'Dimensions','450(W)×310(D)×210(H)mm',35,NULL,NULL);



--
-- TOC entry 5277 (class 0 OID 16505)
-- Dependencies: 237
-- Data for Name: machine_videos; Type: TABLE DATA; Schema: public; Owner: postgres
--

INSERT INTO public.machine_videos (video_id, machine_id, video_type, title, video_url, uploaded_at, product_id) VALUES
(81,35,'gallery','Donut Fryer with Glazing Machine.MP4','video/machine_35/gallery/Donut_Fryer_with_Glazing_Machine.MP4','2026-02-27 16:24:11.454712',35),
(82,35,'gallery','Vesmach Solutions Showcase DAY 2','https://youtu.be/a3KxW0yVVAU?si=v4OZpGwVINptA_eO','2026-02-27 16:24:11.479667',35),
(83,35,'service','Vesmach Rack Ovens','https://youtu.be/RwJE0wZgtYA?si=gmjOsUmFe_hQomMG','2026-02-27 16:24:11.479667',35),
(84,35,'installation','SP-502 Planetary Mixer by Vesmach','https://youtu.be/8WSRFgeAbtM?si=dh8EI5M_8vnguZrR','2026-02-27 16:24:11.479667',35),
(85,35,'installation','GF401 40L Planetary Mixer by Vesmach','https://youtu.be/ViM3AE9uDlY?si=MlVV3Ob6ThwNMRa5','2026-02-27 16:24:11.479667',35),
(86,35,'installation','SP-502 Planetary Mixer by Vesmach','https://youtu.be/8WSRFgeAbtM?si=dh8EI5M_8vnguZrR','2026-02-27 16:24:11.479667',35),
(87,35,'installation','GF401 40L Planetary Mixer by Vesmach','https://youtu.be/ViM3AE9uDlY?si=MlVV3Ob6ThwNMRa5','2026-02-27 16:24:11.479667',35);



--
-- TOC entry 5279 (class 0 OID 16512)
-- Dependencies: 239
-- Data for Name: machines; Type: TABLE DATA; Schema: public; Owner: postgres
--

INSERT INTO public.machines (machine_id, customer_id, product_id, serial_number, model_number, purchase_date, registration_date, status, created_at) VALUES
(35,NULL,35,NULL,'HA-PN900',NULL,'2026-02-27 16:24:09.227428','active','2026-02-27 16:24:09.227428'),
(36,10,35,'48091813','HA-PN900','2026-02-10 00:00:00','2026-02-27 16:26:14.467706','active','2026-02-27 16:26:14.467706'),
(37,10,35,'435321','H2-42344','2026-03-02 00:00:00','2026-03-04 13:41:31.076572','active','2026-03-04 13:41:31.076572');



--
-- TOC entry 5281 (class 0 OID 16519)
-- Dependencies: 241
-- Data for Name: parts; Type: TABLE DATA; Schema: public; Owner: postgres
--

-- no rows for public.parts



--
-- TOC entry 5283 (class 0 OID 16526)
-- Dependencies: 243
-- Data for Name: parts_request; Type: TABLE DATA; Schema: public; Owner: postgres
--

-- no rows for public.parts_request



--
-- TOC entry 5284 (class 0 OID 16532)
-- Dependencies: 244
-- Data for Name: parts_request_items; Type: TABLE DATA; Schema: public; Owner: postgres
--

-- no rows for public.parts_request_items



--
-- TOC entry 5287 (class 0 OID 16540)
-- Dependencies: 247
-- Data for Name: product; Type: TABLE DATA; Schema: public; Owner: postgres
--

INSERT INTO public.product (product_id, product_name, product_desc, created_at, category, status, profile_image_url, updated_at) VALUES
(35,'Panini Baking Machine','is a small countertop appliance used to grill, press, and heat sandwiches, especially panini (Italian-style pressed sandwiches). It has two heated plates (top and bottom) that close together and apply heat and pressure.','2026-02-27 16:24:09.227428','Oven','Active','1772180649216-Panini-Baking-Machine-300x300.png',NULL);



--
-- TOC entry 5289 (class 0 OID 16547)
-- Dependencies: 249
-- Data for Name: quote_items; Type: TABLE DATA; Schema: public; Owner: postgres
--

-- no rows for public.quote_items



--
-- TOC entry 5291 (class 0 OID 16554)
-- Dependencies: 251
-- Data for Name: quote_request; Type: TABLE DATA; Schema: public; Owner: postgres
--

-- no rows for public.quote_request



--
-- TOC entry 5293 (class 0 OID 16561)
-- Dependencies: 253
-- Data for Name: roles; Type: TABLE DATA; Schema: public; Owner: postgres
--

INSERT INTO public.roles (role_id, role_name) VALUES
(1,'Admin'),
(2,'Employee');



--
-- TOC entry 5295 (class 0 OID 16568)
-- Dependencies: 255
-- Data for Name: service_request; Type: TABLE DATA; Schema: public; Owner: postgres
--

INSERT INTO public.service_request (service_request_id, customer_id, machine_id, subject, description, priority, status, assigned_to, created_at, updated_at) VALUES
(2,10,36,'Failing Machine','Can''t turn it on','medium','assigned',NULL,'2026-02-27 16:28:34.664676','2026-03-04 13:51:19.652182');



--
-- TOC entry 5296 (class 0 OID 16580)
-- Dependencies: 256
-- Data for Name: service_request_assignment; Type: TABLE DATA; Schema: public; Owner: postgres
--

INSERT INTO public.service_request_assignment (id, service_request_id, employee_id, assigned_at, assigned_by, active) VALUES
(6,2,4,'2026-03-04 13:51:12.837277+08:00',2,true),
(7,2,3,'2026-03-04 13:51:19.652182+08:00',2,true);



--
-- TOC entry 5299 (class 0 OID 16590)
-- Dependencies: 259
-- Data for Name: shipment_tracking; Type: TABLE DATA; Schema: public; Owner: postgres
--

-- no rows for public.shipment_tracking



--
-- TOC entry 5311 (class 0 OID 0)
-- Dependencies: 222
-- Name: customer_user_customer_id_seq; Type: SEQUENCE SET; Schema: public; Owner: postgres
--

SELECT pg_catalog.setval('public.customer_user_customer_id_seq', 10, true);


--
-- TOC entry 5312 (class 0 OID 0)
-- Dependencies: 224
-- Name: department_dept_id_seq; Type: SEQUENCE SET; Schema: public; Owner: postgres
--

SELECT pg_catalog.setval('public.department_dept_id_seq', 2, true);


--
-- TOC entry 5313 (class 0 OID 0)
-- Dependencies: 227
-- Name: employee_employee_id_seq; Type: SEQUENCE SET; Schema: public; Owner: postgres
--

SELECT pg_catalog.setval('public.employee_employee_id_seq', 5, true);


--
-- TOC entry 5314 (class 0 OID 0)
-- Dependencies: 230
-- Name: machine_brochures_brochure_id_seq; Type: SEQUENCE SET; Schema: public; Owner: postgres
--

SELECT pg_catalog.setval('public.machine_brochures_brochure_id_seq', 22, true);


--
-- TOC entry 5315 (class 0 OID 0)
-- Dependencies: 232
-- Name: machine_gallery_gallery_id_seq; Type: SEQUENCE SET; Schema: public; Owner: postgres
--

SELECT pg_catalog.setval('public.machine_gallery_gallery_id_seq', 31, true);


--
-- TOC entry 5316 (class 0 OID 0)
-- Dependencies: 234
-- Name: machine_manuals_manual_id_seq; Type: SEQUENCE SET; Schema: public; Owner: postgres
--

SELECT pg_catalog.setval('public.machine_manuals_manual_id_seq', 21, true);


--
-- TOC entry 5317 (class 0 OID 0)
-- Dependencies: 236
-- Name: machine_specifications_spec_id_seq; Type: SEQUENCE SET; Schema: public; Owner: postgres
--

SELECT pg_catalog.setval('public.machine_specifications_spec_id_seq', 40, true);


--
-- TOC entry 5318 (class 0 OID 0)
-- Dependencies: 238
-- Name: machine_videos_video_id_seq; Type: SEQUENCE SET; Schema: public; Owner: postgres
--

SELECT pg_catalog.setval('public.machine_videos_video_id_seq', 87, true);


--
-- TOC entry 5319 (class 0 OID 0)
-- Dependencies: 240
-- Name: machines_machine_id_seq; Type: SEQUENCE SET; Schema: public; Owner: postgres
--

SELECT pg_catalog.setval('public.machines_machine_id_seq', 37, true);


--
-- TOC entry 5320 (class 0 OID 0)
-- Dependencies: 242
-- Name: parts_parts_id_seq; Type: SEQUENCE SET; Schema: public; Owner: postgres
--

SELECT pg_catalog.setval('public.parts_parts_id_seq', 1, false);


--
-- TOC entry 5321 (class 0 OID 0)
-- Dependencies: 245
-- Name: parts_request_items_item_id_seq; Type: SEQUENCE SET; Schema: public; Owner: postgres
--

SELECT pg_catalog.setval('public.parts_request_items_item_id_seq', 1, false);


--
-- TOC entry 5322 (class 0 OID 0)
-- Dependencies: 246
-- Name: parts_request_request_id_seq; Type: SEQUENCE SET; Schema: public; Owner: postgres
--

SELECT pg_catalog.setval('public.parts_request_request_id_seq', 6, true);


--
-- TOC entry 5323 (class 0 OID 0)
-- Dependencies: 248
-- Name: product_product_id_seq; Type: SEQUENCE SET; Schema: public; Owner: postgres
--

SELECT pg_catalog.setval('public.product_product_id_seq', 35, true);


--
-- TOC entry 5324 (class 0 OID 0)
-- Dependencies: 250
-- Name: quote_items_item_id_seq; Type: SEQUENCE SET; Schema: public; Owner: postgres
--

SELECT pg_catalog.setval('public.quote_items_item_id_seq', 1, false);


--
-- TOC entry 5325 (class 0 OID 0)
-- Dependencies: 252
-- Name: quote_request_quote_id_seq; Type: SEQUENCE SET; Schema: public; Owner: postgres
--

SELECT pg_catalog.setval('public.quote_request_quote_id_seq', 1, false);


--
-- TOC entry 5326 (class 0 OID 0)
-- Dependencies: 254
-- Name: roles_role_id_seq; Type: SEQUENCE SET; Schema: public; Owner: postgres
--

SELECT pg_catalog.setval('public.roles_role_id_seq', 2, true);


--
-- TOC entry 5327 (class 0 OID 0)
-- Dependencies: 257
-- Name: service_request_assignment_id_seq; Type: SEQUENCE SET; Schema: public; Owner: postgres
--

SELECT pg_catalog.setval('public.service_request_assignment_id_seq', 7, true);


--
-- TOC entry 5328 (class 0 OID 0)
-- Dependencies: 258
-- Name: service_request_service_request_id_seq; Type: SEQUENCE SET; Schema: public; Owner: postgres
--

SELECT pg_catalog.setval('public.service_request_service_request_id_seq', 2, true);


--
-- TOC entry 5329 (class 0 OID 0)
-- Dependencies: 260
-- Name: shipment_tracking_tracking_id_seq; Type: SEQUENCE SET; Schema: public; Owner: postgres
--

SELECT pg_catalog.setval('public.shipment_tracking_tracking_id_seq', 1, false);


--
-- TOC entry 5011 (class 2606 OID 16600)
-- Name: app_settings app_settings_pkey; Type: CONSTRAINT; Schema: public; Owner: postgres
--

ALTER TABLE ONLY public.app_settings
    ADD CONSTRAINT app_settings_pkey PRIMARY KEY (key);


--
-- TOC entry 5013 (class 2606 OID 16602)
-- Name: customer_user customer_user_email_key; Type: CONSTRAINT; Schema: public; Owner: postgres
--

ALTER TABLE ONLY public.customer_user
    ADD CONSTRAINT customer_user_email_key UNIQUE (email);


--
-- TOC entry 5015 (class 2606 OID 16604)
-- Name: customer_user customer_user_pkey; Type: CONSTRAINT; Schema: public; Owner: postgres
--

ALTER TABLE ONLY public.customer_user
    ADD CONSTRAINT customer_user_pkey PRIMARY KEY (customer_id);


--
-- TOC entry 5017 (class 2606 OID 16606)
-- Name: customer_user customer_user_username_key; Type: CONSTRAINT; Schema: public; Owner: postgres
--

ALTER TABLE ONLY public.customer_user
    ADD CONSTRAINT customer_user_username_key UNIQUE (username);


--
-- TOC entry 5022 (class 2606 OID 16608)
-- Name: department_permission department_permission_pkey; Type: CONSTRAINT; Schema: public; Owner: postgres
--

ALTER TABLE ONLY public.department_permission
    ADD CONSTRAINT department_permission_pkey PRIMARY KEY (department_id, permission_key);


--
-- TOC entry 5019 (class 2606 OID 16610)
-- Name: department department_pkey; Type: CONSTRAINT; Schema: public; Owner: postgres
--

ALTER TABLE ONLY public.department
    ADD CONSTRAINT department_pkey PRIMARY KEY (dept_id);


--
-- TOC entry 5024 (class 2606 OID 16612)
-- Name: employee employee_email_key; Type: CONSTRAINT; Schema: public; Owner: postgres
--

ALTER TABLE ONLY public.employee
    ADD CONSTRAINT employee_email_key UNIQUE (email);


--
-- TOC entry 5030 (class 2606 OID 16614)
-- Name: employee_permission employee_permission_pkey; Type: CONSTRAINT; Schema: public; Owner: postgres
--

ALTER TABLE ONLY public.employee_permission
    ADD CONSTRAINT employee_permission_pkey PRIMARY KEY (employee_id, permission_key);


--
-- TOC entry 5026 (class 2606 OID 16616)
-- Name: employee employee_pkey; Type: CONSTRAINT; Schema: public; Owner: postgres
--

ALTER TABLE ONLY public.employee
    ADD CONSTRAINT employee_pkey PRIMARY KEY (employee_id);


--
-- TOC entry 5028 (class 2606 OID 16618)
-- Name: employee employee_username_key; Type: CONSTRAINT; Schema: public; Owner: postgres
--

ALTER TABLE ONLY public.employee
    ADD CONSTRAINT employee_username_key UNIQUE (username);


--
-- TOC entry 5032 (class 2606 OID 16620)
-- Name: machine_brochures machine_brochures_pkey; Type: CONSTRAINT; Schema: public; Owner: postgres
--

ALTER TABLE ONLY public.machine_brochures
    ADD CONSTRAINT machine_brochures_pkey PRIMARY KEY (brochure_id);


--
-- TOC entry 5034 (class 2606 OID 16622)
-- Name: machine_gallery machine_gallery_pkey; Type: CONSTRAINT; Schema: public; Owner: postgres
--

ALTER TABLE ONLY public.machine_gallery
    ADD CONSTRAINT machine_gallery_pkey PRIMARY KEY (gallery_id);


--
-- TOC entry 5036 (class 2606 OID 16624)
-- Name: machine_manuals machine_manuals_pkey; Type: CONSTRAINT; Schema: public; Owner: postgres
--

ALTER TABLE ONLY public.machine_manuals
    ADD CONSTRAINT machine_manuals_pkey PRIMARY KEY (manual_id);


--
-- TOC entry 5038 (class 2606 OID 16626)
-- Name: machine_specifications machine_specifications_pkey; Type: CONSTRAINT; Schema: public; Owner: postgres
--

ALTER TABLE ONLY public.machine_specifications
    ADD CONSTRAINT machine_specifications_pkey PRIMARY KEY (spec_id);


--
-- TOC entry 5040 (class 2606 OID 16628)
-- Name: machine_videos machine_videos_pkey; Type: CONSTRAINT; Schema: public; Owner: postgres
--

ALTER TABLE ONLY public.machine_videos
    ADD CONSTRAINT machine_videos_pkey PRIMARY KEY (video_id);


--
-- TOC entry 5042 (class 2606 OID 16630)
-- Name: machines machines_pkey; Type: CONSTRAINT; Schema: public; Owner: postgres
--

ALTER TABLE ONLY public.machines
    ADD CONSTRAINT machines_pkey PRIMARY KEY (machine_id);


--
-- TOC entry 5044 (class 2606 OID 16632)
-- Name: machines machines_serial_number_key; Type: CONSTRAINT; Schema: public; Owner: postgres
--

ALTER TABLE ONLY public.machines
    ADD CONSTRAINT machines_serial_number_key UNIQUE (serial_number);


--
-- TOC entry 5046 (class 2606 OID 16634)
-- Name: parts parts_pkey; Type: CONSTRAINT; Schema: public; Owner: postgres
--

ALTER TABLE ONLY public.parts
    ADD CONSTRAINT parts_pkey PRIMARY KEY (parts_id);


--
-- TOC entry 5050 (class 2606 OID 16636)
-- Name: parts_request_items parts_request_items_pkey; Type: CONSTRAINT; Schema: public; Owner: postgres
--

ALTER TABLE ONLY public.parts_request_items
    ADD CONSTRAINT parts_request_items_pkey PRIMARY KEY (item_id);


--
-- TOC entry 5048 (class 2606 OID 16638)
-- Name: parts_request parts_request_pkey; Type: CONSTRAINT; Schema: public; Owner: postgres
--

ALTER TABLE ONLY public.parts_request
    ADD CONSTRAINT parts_request_pkey PRIMARY KEY (request_id);


--
-- TOC entry 5052 (class 2606 OID 16640)
-- Name: product product_name_unique; Type: CONSTRAINT; Schema: public; Owner: postgres
--

ALTER TABLE ONLY public.product
    ADD CONSTRAINT product_name_unique UNIQUE (product_name);


--
-- TOC entry 5054 (class 2606 OID 16642)
-- Name: product product_pkey; Type: CONSTRAINT; Schema: public; Owner: postgres
--

ALTER TABLE ONLY public.product
    ADD CONSTRAINT product_pkey PRIMARY KEY (product_id);


--
-- TOC entry 5056 (class 2606 OID 16644)
-- Name: quote_items quote_items_pkey; Type: CONSTRAINT; Schema: public; Owner: postgres
--

ALTER TABLE ONLY public.quote_items
    ADD CONSTRAINT quote_items_pkey PRIMARY KEY (item_id);


--
-- TOC entry 5058 (class 2606 OID 16646)
-- Name: quote_request quote_request_pkey; Type: CONSTRAINT; Schema: public; Owner: postgres
--

ALTER TABLE ONLY public.quote_request
    ADD CONSTRAINT quote_request_pkey PRIMARY KEY (quote_id);


--
-- TOC entry 5060 (class 2606 OID 16648)
-- Name: roles roles_pkey; Type: CONSTRAINT; Schema: public; Owner: postgres
--

ALTER TABLE ONLY public.roles
    ADD CONSTRAINT roles_pkey PRIMARY KEY (role_id);


--
-- TOC entry 5071 (class 2606 OID 16650)
-- Name: service_request_assignment service_request_assignment_pkey; Type: CONSTRAINT; Schema: public; Owner: postgres
--

ALTER TABLE ONLY public.service_request_assignment
    ADD CONSTRAINT service_request_assignment_pkey PRIMARY KEY (id);


--
-- TOC entry 5073 (class 2606 OID 16652)
-- Name: service_request_assignment service_request_assignment_service_request_id_employee_id_key; Type: CONSTRAINT; Schema: public; Owner: postgres
--

ALTER TABLE ONLY public.service_request_assignment
    ADD CONSTRAINT service_request_assignment_service_request_id_employee_id_key UNIQUE (service_request_id, employee_id);


--
-- TOC entry 5067 (class 2606 OID 16654)
-- Name: service_request service_request_pkey; Type: CONSTRAINT; Schema: public; Owner: postgres
--

ALTER TABLE ONLY public.service_request
    ADD CONSTRAINT service_request_pkey PRIMARY KEY (service_request_id);


--
-- TOC entry 5075 (class 2606 OID 16656)
-- Name: shipment_tracking shipment_tracking_pkey; Type: CONSTRAINT; Schema: public; Owner: postgres
--

ALTER TABLE ONLY public.shipment_tracking
    ADD CONSTRAINT shipment_tracking_pkey PRIMARY KEY (tracking_id);


--
-- TOC entry 5077 (class 2606 OID 16658)
-- Name: shipment_tracking shipment_tracking_request_id_unique; Type: CONSTRAINT; Schema: public; Owner: postgres
--

ALTER TABLE ONLY public.shipment_tracking
    ADD CONSTRAINT shipment_tracking_request_id_unique UNIQUE (request_id);


--
-- TOC entry 5020 (class 1259 OID 16659)
-- Name: dept_dept_name_key; Type: INDEX; Schema: public; Owner: postgres
--

CREATE UNIQUE INDEX dept_dept_name_key ON public.department USING btree (dept_name);


--
-- TOC entry 5062 (class 1259 OID 16660)
-- Name: idx_service_request_assigned; Type: INDEX; Schema: public; Owner: postgres
--

CREATE INDEX idx_service_request_assigned ON public.service_request USING btree (assigned_to);


--
-- TOC entry 5063 (class 1259 OID 16661)
-- Name: idx_service_request_customer; Type: INDEX; Schema: public; Owner: postgres
--

CREATE INDEX idx_service_request_customer ON public.service_request USING btree (customer_id);


--
-- TOC entry 5064 (class 1259 OID 16662)
-- Name: idx_service_request_machine; Type: INDEX; Schema: public; Owner: postgres
--

CREATE INDEX idx_service_request_machine ON public.service_request USING btree (machine_id);


--
-- TOC entry 5065 (class 1259 OID 16663)
-- Name: idx_service_request_status; Type: INDEX; Schema: public; Owner: postgres
--

CREATE INDEX idx_service_request_status ON public.service_request USING btree (status);


--
-- TOC entry 5068 (class 1259 OID 16664)
-- Name: idx_sra_employee; Type: INDEX; Schema: public; Owner: postgres
--

CREATE INDEX idx_sra_employee ON public.service_request_assignment USING btree (employee_id) WHERE (active = true);


--
-- TOC entry 5069 (class 1259 OID 16665)
-- Name: idx_sra_request; Type: INDEX; Schema: public; Owner: postgres
--

CREATE INDEX idx_sra_request ON public.service_request_assignment USING btree (service_request_id) WHERE (active = true);


--
-- TOC entry 5061 (class 1259 OID 16666)
-- Name: roles_role_name_key; Type: INDEX; Schema: public; Owner: postgres
--

CREATE UNIQUE INDEX roles_role_name_key ON public.roles USING btree (role_name);


--
-- TOC entry 5078 (class 2606 OID 16667)
-- Name: customer_user customer_user_initial_product_id_fkey; Type: FK CONSTRAINT; Schema: public; Owner: postgres
--

ALTER TABLE ONLY public.customer_user
    ADD CONSTRAINT customer_user_initial_product_id_fkey FOREIGN KEY (initial_product_id) REFERENCES public.product(product_id);


--
-- TOC entry 5079 (class 2606 OID 16672)
-- Name: customer_user customer_user_verified_by_fkey; Type: FK CONSTRAINT; Schema: public; Owner: postgres
--

ALTER TABLE ONLY public.customer_user
    ADD CONSTRAINT customer_user_verified_by_fkey FOREIGN KEY (verified_by) REFERENCES public.employee(employee_id);


--
-- TOC entry 5080 (class 2606 OID 16677)
-- Name: department_permission department_permission_department_id_fkey; Type: FK CONSTRAINT; Schema: public; Owner: postgres
--

ALTER TABLE ONLY public.department_permission
    ADD CONSTRAINT department_permission_department_id_fkey FOREIGN KEY (department_id) REFERENCES public.department(dept_id);


--
-- TOC entry 5081 (class 2606 OID 16682)
-- Name: employee employee_department_id_fkey; Type: FK CONSTRAINT; Schema: public; Owner: postgres
--

ALTER TABLE ONLY public.employee
    ADD CONSTRAINT employee_department_id_fkey FOREIGN KEY (department_id) REFERENCES public.department(dept_id);


--
-- TOC entry 5083 (class 2606 OID 16687)
-- Name: employee_permission employee_permission_employee_id_fkey; Type: FK CONSTRAINT; Schema: public; Owner: postgres
--

ALTER TABLE ONLY public.employee_permission
    ADD CONSTRAINT employee_permission_employee_id_fkey FOREIGN KEY (employee_id) REFERENCES public.employee(employee_id);


--
-- TOC entry 5082 (class 2606 OID 16692)
-- Name: employee employee_role_id_fkey; Type: FK CONSTRAINT; Schema: public; Owner: postgres
--

ALTER TABLE ONLY public.employee
    ADD CONSTRAINT employee_role_id_fkey FOREIGN KEY (role_id) REFERENCES public.roles(role_id);


--
-- TOC entry 5106 (class 2606 OID 16697)
-- Name: service_request fk_service_assigned; Type: FK CONSTRAINT; Schema: public; Owner: postgres
--

ALTER TABLE ONLY public.service_request
    ADD CONSTRAINT fk_service_assigned FOREIGN KEY (assigned_to) REFERENCES public.employee(employee_id) ON DELETE SET NULL;


--
-- TOC entry 5107 (class 2606 OID 16702)
-- Name: service_request fk_service_customer; Type: FK CONSTRAINT; Schema: public; Owner: postgres
--

ALTER TABLE ONLY public.service_request
    ADD CONSTRAINT fk_service_customer FOREIGN KEY (customer_id) REFERENCES public.customer_user(customer_id) ON DELETE CASCADE;


--
-- TOC entry 5108 (class 2606 OID 16707)
-- Name: service_request fk_service_machine; Type: FK CONSTRAINT; Schema: public; Owner: postgres
--

ALTER TABLE ONLY public.service_request
    ADD CONSTRAINT fk_service_machine FOREIGN KEY (machine_id) REFERENCES public.machines(machine_id) ON DELETE SET NULL;


--
-- TOC entry 5084 (class 2606 OID 16712)
-- Name: machine_brochures machine_brochures_machine_id_fkey; Type: FK CONSTRAINT; Schema: public; Owner: postgres
--

ALTER TABLE ONLY public.machine_brochures
    ADD CONSTRAINT machine_brochures_machine_id_fkey FOREIGN KEY (machine_id) REFERENCES public.machines(machine_id);


--
-- TOC entry 5085 (class 2606 OID 16717)
-- Name: machine_brochures machine_brochures_product_id_fkey; Type: FK CONSTRAINT; Schema: public; Owner: postgres
--

ALTER TABLE ONLY public.machine_brochures
    ADD CONSTRAINT machine_brochures_product_id_fkey FOREIGN KEY (product_id) REFERENCES public.product(product_id);


--
-- TOC entry 5086 (class 2606 OID 16722)
-- Name: machine_gallery machine_gallery_machine_id_fkey; Type: FK CONSTRAINT; Schema: public; Owner: postgres
--

ALTER TABLE ONLY public.machine_gallery
    ADD CONSTRAINT machine_gallery_machine_id_fkey FOREIGN KEY (machine_id) REFERENCES public.machines(machine_id);


--
-- TOC entry 5087 (class 2606 OID 16727)
-- Name: machine_gallery machine_gallery_product_id_fkey; Type: FK CONSTRAINT; Schema: public; Owner: postgres
--

ALTER TABLE ONLY public.machine_gallery
    ADD CONSTRAINT machine_gallery_product_id_fkey FOREIGN KEY (product_id) REFERENCES public.product(product_id);


--
-- TOC entry 5088 (class 2606 OID 16732)
-- Name: machine_manuals machine_manuals_machine_id_fkey; Type: FK CONSTRAINT; Schema: public; Owner: postgres
--

ALTER TABLE ONLY public.machine_manuals
    ADD CONSTRAINT machine_manuals_machine_id_fkey FOREIGN KEY (machine_id) REFERENCES public.machines(machine_id);


--
-- TOC entry 5089 (class 2606 OID 16737)
-- Name: machine_manuals machine_manuals_product_id_fkey; Type: FK CONSTRAINT; Schema: public; Owner: postgres
--

ALTER TABLE ONLY public.machine_manuals
    ADD CONSTRAINT machine_manuals_product_id_fkey FOREIGN KEY (product_id) REFERENCES public.product(product_id);


--
-- TOC entry 5090 (class 2606 OID 16742)
-- Name: machine_specifications machine_specifications_machine_id_fkey; Type: FK CONSTRAINT; Schema: public; Owner: postgres
--

ALTER TABLE ONLY public.machine_specifications
    ADD CONSTRAINT machine_specifications_machine_id_fkey FOREIGN KEY (machine_id) REFERENCES public.machines(machine_id) ON DELETE CASCADE;


--
-- TOC entry 5091 (class 2606 OID 16747)
-- Name: machine_specifications machine_specifications_product_id_fkey; Type: FK CONSTRAINT; Schema: public; Owner: postgres
--

ALTER TABLE ONLY public.machine_specifications
    ADD CONSTRAINT machine_specifications_product_id_fkey FOREIGN KEY (product_id) REFERENCES public.product(product_id);


--
-- TOC entry 5092 (class 2606 OID 16752)
-- Name: machine_videos machine_videos_machine_id_fkey; Type: FK CONSTRAINT; Schema: public; Owner: postgres
--

ALTER TABLE ONLY public.machine_videos
    ADD CONSTRAINT machine_videos_machine_id_fkey FOREIGN KEY (machine_id) REFERENCES public.machines(machine_id);


--
-- TOC entry 5093 (class 2606 OID 16757)
-- Name: machine_videos machine_videos_product_id_fkey; Type: FK CONSTRAINT; Schema: public; Owner: postgres
--

ALTER TABLE ONLY public.machine_videos
    ADD CONSTRAINT machine_videos_product_id_fkey FOREIGN KEY (product_id) REFERENCES public.product(product_id);


--
-- TOC entry 5094 (class 2606 OID 16762)
-- Name: machines machines_customer_id_fkey; Type: FK CONSTRAINT; Schema: public; Owner: postgres
--

ALTER TABLE ONLY public.machines
    ADD CONSTRAINT machines_customer_id_fkey FOREIGN KEY (customer_id) REFERENCES public.customer_user(customer_id);


--
-- TOC entry 5095 (class 2606 OID 16767)
-- Name: machines machines_product_id_fkey; Type: FK CONSTRAINT; Schema: public; Owner: postgres
--

ALTER TABLE ONLY public.machines
    ADD CONSTRAINT machines_product_id_fkey FOREIGN KEY (product_id) REFERENCES public.product(product_id);


--
-- TOC entry 5096 (class 2606 OID 16772)
-- Name: parts parts_product_id_fkey; Type: FK CONSTRAINT; Schema: public; Owner: postgres
--

ALTER TABLE ONLY public.parts
    ADD CONSTRAINT parts_product_id_fkey FOREIGN KEY (product_id) REFERENCES public.product(product_id);


--
-- TOC entry 5097 (class 2606 OID 16777)
-- Name: parts_request parts_request_customer_id_fkey; Type: FK CONSTRAINT; Schema: public; Owner: postgres
--

ALTER TABLE ONLY public.parts_request
    ADD CONSTRAINT parts_request_customer_id_fkey FOREIGN KEY (customer_id) REFERENCES public.customer_user(customer_id);


--
-- TOC entry 5100 (class 2606 OID 16782)
-- Name: parts_request_items parts_request_items_parts_id_fkey; Type: FK CONSTRAINT; Schema: public; Owner: postgres
--

ALTER TABLE ONLY public.parts_request_items
    ADD CONSTRAINT parts_request_items_parts_id_fkey FOREIGN KEY (parts_id) REFERENCES public.parts(parts_id);


--
-- TOC entry 5101 (class 2606 OID 16787)
-- Name: parts_request_items parts_request_items_request_id_fkey; Type: FK CONSTRAINT; Schema: public; Owner: postgres
--

ALTER TABLE ONLY public.parts_request_items
    ADD CONSTRAINT parts_request_items_request_id_fkey FOREIGN KEY (request_id) REFERENCES public.parts_request(request_id);


--
-- TOC entry 5098 (class 2606 OID 16792)
-- Name: parts_request parts_request_machine_id_fkey; Type: FK CONSTRAINT; Schema: public; Owner: postgres
--

ALTER TABLE ONLY public.parts_request
    ADD CONSTRAINT parts_request_machine_id_fkey FOREIGN KEY (machine_id) REFERENCES public.machines(machine_id);


--
-- TOC entry 5099 (class 2606 OID 16797)
-- Name: parts_request parts_request_verified_by_fkey; Type: FK CONSTRAINT; Schema: public; Owner: postgres
--

ALTER TABLE ONLY public.parts_request
    ADD CONSTRAINT parts_request_verified_by_fkey FOREIGN KEY (verified_by) REFERENCES public.employee(employee_id);


--
-- TOC entry 5102 (class 2606 OID 16802)
-- Name: quote_items quote_items_parts_id_fkey; Type: FK CONSTRAINT; Schema: public; Owner: postgres
--

ALTER TABLE ONLY public.quote_items
    ADD CONSTRAINT quote_items_parts_id_fkey FOREIGN KEY (parts_id) REFERENCES public.parts(parts_id);


--
-- TOC entry 5103 (class 2606 OID 16807)
-- Name: quote_items quote_items_quote_id_fkey; Type: FK CONSTRAINT; Schema: public; Owner: postgres
--

ALTER TABLE ONLY public.quote_items
    ADD CONSTRAINT quote_items_quote_id_fkey FOREIGN KEY (quote_id) REFERENCES public.quote_request(quote_id);


--
-- TOC entry 5104 (class 2606 OID 16812)
-- Name: quote_request quote_request_approved_by_fkey; Type: FK CONSTRAINT; Schema: public; Owner: postgres
--

ALTER TABLE ONLY public.quote_request
    ADD CONSTRAINT quote_request_approved_by_fkey FOREIGN KEY (approved_by) REFERENCES public.employee(employee_id);


--
-- TOC entry 5105 (class 2606 OID 16817)
-- Name: quote_request quote_request_customer_id_fkey; Type: FK CONSTRAINT; Schema: public; Owner: postgres
--

ALTER TABLE ONLY public.quote_request
    ADD CONSTRAINT quote_request_customer_id_fkey FOREIGN KEY (customer_id) REFERENCES public.customer_user(customer_id);


--
-- TOC entry 5109 (class 2606 OID 16822)
-- Name: service_request_assignment service_request_assignment_assigned_by_fkey; Type: FK CONSTRAINT; Schema: public; Owner: postgres
--

ALTER TABLE ONLY public.service_request_assignment
    ADD CONSTRAINT service_request_assignment_assigned_by_fkey FOREIGN KEY (assigned_by) REFERENCES public.employee(employee_id);


--
-- TOC entry 5110 (class 2606 OID 16827)
-- Name: service_request_assignment service_request_assignment_employee_id_fkey; Type: FK CONSTRAINT; Schema: public; Owner: postgres
--

ALTER TABLE ONLY public.service_request_assignment
    ADD CONSTRAINT service_request_assignment_employee_id_fkey FOREIGN KEY (employee_id) REFERENCES public.employee(employee_id) ON DELETE CASCADE;


--
-- TOC entry 5111 (class 2606 OID 16832)
-- Name: service_request_assignment service_request_assignment_service_request_id_fkey; Type: FK CONSTRAINT; Schema: public; Owner: postgres
--

ALTER TABLE ONLY public.service_request_assignment
    ADD CONSTRAINT service_request_assignment_service_request_id_fkey FOREIGN KEY (service_request_id) REFERENCES public.service_request(service_request_id) ON DELETE CASCADE;


--
-- TOC entry 5112 (class 2606 OID 16837)
-- Name: shipment_tracking shipment_tracking_request_id_fkey; Type: FK CONSTRAINT; Schema: public; Owner: postgres
--

ALTER TABLE ONLY public.shipment_tracking
    ADD CONSTRAINT shipment_tracking_request_id_fkey FOREIGN KEY (request_id) REFERENCES public.parts_request(request_id);


-- Completed on 2026-03-05 08:53:29

--
-- PostgreSQL database dump complete
--


